year,level_of_education,level,no_of_classes,ave_class_size
1982,Primary,All,8200,35
1982,Primary,Primary 1,1072,36.9
1982,Primary,Primary 2,1137,37.5
1982,Primary,Primary 3,1251,37.3
1982,Primary,Primary 4,1457,33.8
1982,Primary,Primary 5,1442,33
1982,Primary,Primary 6,1648,33.8
1982,Primary,Primary 7,193,27.5
1982,Primary,Primary 8,0,0
1982,Secondary,All,4851,32.2
1982,Secondary,Secondary 1,1129,34.5
1982,Secondary,Secondary 2,1272,35.4
1982,Secondary,Secondary 3,1424,26
1982,Secondary,Secondary 4,1026,34.5
1982,Secondary,Secondary 5,0,0
1982,Pre-University,All,0,0
1982,Pre-University,PreU 1,0,0
1982,Pre-University,PreU 2,0,0
1982,Pre-University,PreU 3,0,0
1983,Primary,All,8166,35.6
1983,Primary,Primary 1,1094,39.5
1983,Primary,Primary 2,1044,38.3
1983,Primary,Primary 3,1113,38.5
1983,Primary,Primary 4,1333,35.4
1983,Primary,Primary 5,1458,34.2
1983,Primary,Primary 6,1443,33.7
1983,Primary,Primary 7,496,27.7
1983,Primary,Primary 8,185,27.5
1983,Secondary,All,4750,34
1983,Secondary,Secondary 1,1036,36.3
1983,Secondary,Secondary 2,1072,35.9
1983,Secondary,Secondary 3,1459,31.2
1983,Secondary,Secondary 4,1183,33.5
1983,Secondary,Secondary 5,0,0
1983,Pre-University,All,0,0
1983,Pre-University,PreU 1,0,0
1983,Pre-University,PreU 2,0,0
1983,Pre-University,PreU 3,0,0
1984,Primary,All,8127,35.5
1984,Primary,Primary 1,999,38.7
1984,Primary,Primary 2,1116,38.9
1984,Primary,Primary 3,1055,38.1
1984,Primary,Primary 4,1205,35.9
1984,Primary,Primary 5,1354,35.2
1984,Primary,Primary 6,1449,34.5
1984,Primary,Primary 7,461,26.8
1984,Primary,Primary 8,488,26.7
1984,Secondary,All,4890,33.6
1984,Secondary,Secondary 1,1000,37.6
1984,Secondary,Secondary 2,1044,36.8
1984,Secondary,Secondary 3,1265,30.8
1984,Secondary,Secondary 4,1581,31.3
1984,Secondary,Secondary 5,0,0
1984,Pre-University,All,0,0
1984,Pre-University,PreU 1,0,0
1984,Pre-University,PreU 2,0,0
1984,Pre-University,PreU 3,0,0
1985,Primary,All,7854,35.4
1985,Primary,Primary 1,1019,38.7
1985,Primary,Primary 2,1043,37.3
1985,Primary,Primary 3,1138,38.2
1985,Primary,Primary 4,1142,35.3
1985,Primary,Primary 5,1242,35
1985,Primary,Primary 6,1361,34.9
1985,Primary,Primary 7,458,27.7
1985,Primary,Primary 8,451,27
1985,Secondary,All,4986,32.8
1985,Secondary,Secondary 1,1111,38
1985,Secondary,Secondary 2,1021,36.6
1985,Secondary,Secondary 3,1173,32.5
1985,Secondary,Secondary 4,1429,29.3
1985,Secondary,Secondary 5,252,15.6
1985,Pre-University,All,0,0
1985,Pre-University,PreU 1,0,0
1985,Pre-University,PreU 2,0,0
1985,Pre-University,PreU 3,0,0
1986,Primary,All,7589,35.4
1986,Primary,Primary 1,1058,38
1986,Primary,Primary 2,1043,37.8
1986,Primary,Primary 3,1038,37.4
1986,Primary,Primary 4,1213,35.8
1986,Primary,Primary 5,1158,34.9
1986,Primary,Primary 6,1252,34.8
1986,Primary,Primary 7,364,28
1986,Primary,Primary 8,463,27.4
1986,Secondary,All,5161,33.6
1986,Secondary,Secondary 1,1101,37.5
1986,Secondary,Secondary 2,1133,36.9
1986,Secondary,Secondary 3,1129,33.2
1986,Secondary,Secondary 4,1296,30.7
1986,Secondary,Secondary 5,502,26.3
1986,Pre-University,All,0,0
1986,Pre-University,PreU 1,0,0
1986,Pre-University,PreU 2,0,0
1986,Pre-University,PreU 3,0,0
1987,Primary,All,7416,35.2
1987,Primary,Primary 1,1052,38.2
1987,Primary,Primary 2,1066,37.7
1987,Primary,Primary 3,1051,37.4
1987,Primary,Primary 4,1111,34.8
1987,Primary,Primary 5,1252,34.7
1987,Primary,Primary 6,1172,34.6
1987,Primary,Primary 7,321,26.6
1987,Primary,Primary 8,391,26.8
1987,Secondary,All,5124,33.5
1987,Secondary,Secondary 1,1063,36.7
1987,Secondary,Secondary 2,1117,36.6
1987,Secondary,Secondary 3,1237,33.7
1987,Secondary,Secondary 4,1269,30.7
1987,Secondary,Secondary 5,438,25.5
1987,Pre-University,All,0,0
1987,Pre-University,PreU 1,0,0
1987,Pre-University,PreU 2,0,0
1987,Pre-University,PreU 3,0,0
1988,Primary,All,7429,34.9
1988,Primary,Primary 1,1084,38
1988,Primary,Primary 2,1072,37.6
1988,Primary,Primary 3,1084,37
1988,Primary,Primary 4,1135,34.6
1988,Primary,Primary 5,1146,33.9
1988,Primary,Primary 6,1252,34
1988,Primary,Primary 7,549,26.5
1988,Primary,Primary 8,107,21.5
1988,Secondary,All,4930,34.1
1988,Secondary,Secondary 1,1014,36.2
1988,Secondary,Secondary 2,1119,34.7
1988,Secondary,Secondary 3,1199,34
1988,Secondary,Secondary 4,1244,33.4
1988,Secondary,Secondary 5,354,29.2
1988,Pre-University,All,1245,25.8
1988,Pre-University,PreU 1,627,26.8
1988,Pre-University,PreU 2,547,24.3
1988,Pre-University,PreU 3,71,28.1
1989,Primary,All,7369,35
1989,Primary,Primary 1,1093,37.9
1989,Primary,Primary 2,1094,37.6
1989,Primary,Primary 3,1084,37.1
1989,Primary,Primary 4,1159,34.6
1989,Primary,Primary 5,1156,34.1
1989,Primary,Primary 6,1153,33.8
1989,Primary,Primary 7,303,26.6
1989,Primary,Primary 8,327,25.7
1989,Secondary,All,5055,32.8
1989,Secondary,Secondary 1,1074,35.4
1989,Secondary,Secondary 2,1069,34
1989,Secondary,Secondary 3,1217,31.9
1989,Secondary,Secondary 4,1321,31.1
1989,Secondary,Secondary 5,374,30.6
1989,Pre-University,All,1293,24.5
1989,Pre-University,PreU 1,596,23.6
1989,Pre-University,PreU 2,614,25.2
1989,Pre-University,PreU 3,83,25.7
1990,Primary,All,7257,35.5
1990,Primary,Primary 1,1020,38.5
1990,Primary,Primary 2,1092,38.1
1990,Primary,Primary 3,1090,37.8
1990,Primary,Primary 4,1144,35.3
1990,Primary,Primary 5,1164,34.6
1990,Primary,Primary 6,1148,33.6
1990,Primary,Primary 7,283,28.2
1990,Primary,Primary 8,316,26.7
1990,Secondary,All,4929,32.6
1990,Secondary,Secondary 1,1006,35.5
1990,Secondary,Secondary 2,1125,33.6
1990,Secondary,Secondary 3,1154,31.5
1990,Secondary,Secondary 4,1254,31.2
1990,Secondary,Secondary 5,390,29.6
1990,Pre-University,All,1224,23.9
1990,Pre-University,PreU 1,565,24
1990,Pre-University,PreU 2,572,23.4
1990,Pre-University,PreU 3,87,26
1991,Primary,All,7120,36.5
1991,Primary,Primary 1,1019,39.7
1991,Primary,Primary 2,1025,38.6
1991,Primary,Primary 3,1092,38.3
1991,Primary,Primary 4,1100,37.7
1991,Primary,Primary 5,1153,35.2
1991,Primary,Primary 6,1162,34.5
1991,Primary,Primary 7,272,28.9
1991,Primary,Primary 8,297,27.9
1991,Secondary,All,4857,32.3
1991,Secondary,Secondary 1,994,35.4
1991,Secondary,Secondary 2,1058,33.7
1991,Secondary,Secondary 3,1218,31.2
1991,Secondary,Secondary 4,1196,30.6
1991,Secondary,Secondary 5,391,29
1991,Pre-University,All,1174,23.2
1991,Pre-University,PreU 1,536,23.4
1991,Pre-University,PreU 2,543,23.1
1991,Pre-University,PreU 3,95,22.3
1992,Primary,All,7232,36.3
1992,Primary,Primary 1,1065,39.1
1992,Primary,Primary 2,1036,39.3
1992,Primary,Primary 3,1033,38.5
1992,Primary,Primary 4,1091,38.4
1992,Primary,Primary 5,1513,32.5
1992,Primary,Primary 6,909,36.6
1992,Primary,Primary 7,293,27.3
1992,Primary,Primary 8,292,27.7
1992,Secondary,All,4917,31.7
1992,Secondary,Secondary 1,1041,35.1
1992,Secondary,Secondary 2,1057,33.3
1992,Secondary,Secondary 3,1190,30.1
1992,Secondary,Secondary 4,1247,30.4
1992,Secondary,Secondary 5,382,27.5
1992,Pre-University,All,1097,22.5
1992,Pre-University,PreU 1,500,22.4
1992,Pre-University,PreU 2,525,22
1992,Pre-University,PreU 3,72,27
1993,Primary,All,7389,35.4
1993,Primary,Primary 1,1008,37.8
1993,Primary,Primary 2,1078,38.7
1993,Primary,Primary 3,1051,38.9
1993,Primary,Primary 4,1052,38
1993,Primary,Primary 5,1334,31.6
1993,Primary,Primary 6,1575,32.1
1993,Primary,Primary 7,0,0
1993,Primary,Primary 8,281,28
1993,Secondary,All,4898,31.7
1993,Secondary,Secondary 1,1040,35.3
1993,Secondary,Secondary 2,1093,33.3
1993,Secondary,Secondary 3,1159,30.8
1993,Secondary,Secondary 4,1210,29.2
1993,Secondary,Secondary 5,396,28.1
1993,Pre-University,All,1062,22.6
1993,Pre-University,PreU 1,497,23.3
1993,Pre-University,PreU 2,490,21.3
1993,Pre-University,PreU 3,75,25.5
1994,Primary,All,6654,37.7
1994,Primary,Primary 1,1123,38.9
1994,Primary,Primary 2,1010,37.9
1994,Primary,Primary 3,1087,38.7
1994,Primary,Primary 4,1073,38.3
1994,Primary,Primary 5,1090,36.9
1994,Primary,Primary 6,1271,35.9
1994,Primary,Primary 7,0,0
1994,Primary,Primary 8,0,0
1994,Secondary,All,5040,34.5
1994,Secondary,Secondary 1,1462,37.3
1994,Secondary,Secondary 2,1018,36.1
1994,Secondary,Secondary 3,1092,33.9
1994,Secondary,Secondary 4,1097,32.3
1994,Secondary,Secondary 5,371,27.4
1994,Pre-University,All,1019,22.4
1994,Pre-University,PreU 1,473,22.4
1994,Pre-University,PreU 2,485,22.2
1994,Pre-University,PreU 3,61,24.3
1995,Primary,All,6998,37.4
1995,Primary,Primary 1,1358,39.1
1995,Primary,Primary 2,1149,38.2
1995,Primary,Primary 3,1035,37.3
1995,Primary,Primary 4,1114,37.9
1995,Primary,Primary 5,1139,36.2
1995,Primary,Primary 6,1203,35.4
1995,Primary,Primary 7,0,0
1995,Primary,Primary 8,0,0
1995,Secondary,All,5190,34.9
1995,Secondary,Secondary 1,1176,37
1995,Secondary,Secondary 2,1494,36.1
1995,Secondary,Secondary 3,1056,35.4
1995,Secondary,Secondary 4,1107,32.7
1995,Secondary,Secondary 5,357,27.8
1995,Pre-University,All,966,22.5
1995,Pre-University,PreU 1,462,23.1
1995,Pre-University,PreU 2,459,21.8
1995,Pre-University,PreU 3,45,23
1996,Primary,All,7239,37.2
1996,Primary,Primary 1,1234,39
1996,Primary,Primary 2,1379,38.7
1996,Primary,Primary 3,1166,37.8
1996,Primary,Primary 4,1056,36.7
1996,Primary,Primary 5,1173,36.1
1996,Primary,Primary 6,1231,34.9
1996,Primary,Primary 7,0,0
1996,Primary,Primary 8,0,0
1996,Secondary,All,5281,35
1996,Secondary,Secondary 1,1119,36.5
1996,Secondary,Secondary 2,1218,35.9
1996,Secondary,Secondary 3,1521,35.1
1996,Secondary,Secondary 4,1053,34.5
1996,Secondary,Secondary 5,370,28.1
1996,Pre-University,All,963,22.9
1996,Pre-University,PreU 1,473,23.2
1996,Pre-University,PreU 2,453,22.4
1996,Pre-University,PreU 3,37,23.8
1997,Primary,All,7473,37.5
1997,Primary,Primary 1,1313,39.2
1997,Primary,Primary 2,1255,38.4
1997,Primary,Primary 3,1387,38.7
1997,Primary,Primary 4,1184,37.3
1997,Primary,Primary 5,1096,35.5
1997,Primary,Primary 6,1238,35.2
1997,Primary,Primary 7,0,0
1997,Primary,Primary 8,0,0
1997,Secondary,All,5417,34.6
1997,Secondary,Secondary 1,1124,37
1997,Secondary,Secondary 2,1154,35.5
1997,Secondary,Secondary 3,1280,34.9
1997,Secondary,Secondary 4,1516,33.3
1997,Secondary,Secondary 5,343,28.4
1997,Pre-University,All,966,23.2
1997,Pre-University,PreU 1,482,24
1997,Pre-University,PreU 2,460,22.6
1997,Pre-University,PreU 3,24,21.5
1998,Primary,All,7684,37.5
1998,Primary,Primary 1,1294,38.5
1998,Primary,Primary 2,1335,38.8
1998,Primary,Primary 3,1270,38.2
1998,Primary,Primary 4,1407,38.2
1998,Primary,Primary 5,1221,36.3
1998,Primary,Primary 6,1157,34.7
1998,Primary,Primary 7,0,0
1998,Primary,Primary 8,0,0
1998,Secondary,All,5217,34.3
1998,Secondary,Secondary 1,1132,37.4
1998,Secondary,Secondary 2,1165,35.7
1998,Secondary,Secondary 3,1216,34.4
1998,Secondary,Secondary 4,1299,32.8
1998,Secondary,Secondary 5,405,26
1998,Pre-University,All,989,24
1998,Pre-University,PreU 1,505,24.6
1998,Pre-University,PreU 2,473,23.2
1998,Pre-University,PreU 3,11,27.1
1999,Primary,All,8061,37.2
1999,Primary,Primary 1,1296,38.5
1999,Primary,Primary 2,1334,37.4
1999,Primary,Primary 3,1372,38
1999,Primary,Primary 4,1318,37
1999,Primary,Primary 5,1460,36.9
1999,Primary,Primary 6,1281,35.6
1999,Primary,Primary 7,0,0
1999,Primary,Primary 8,0,0
1999,Secondary,All,4988,34.7
1999,Secondary,Secondary 1,1056,36.9
1999,Secondary,Secondary 2,1166,36.5
1999,Secondary,Secondary 3,1233,35
1999,Secondary,Secondary 4,1224,32.7
1999,Secondary,Secondary 5,309,26.8
1999,Pre-University,All,1036,24.2
1999,Pre-University,PreU 1,525,24.8
1999,Pre-University,PreU 2,500,23.6
1999,Pre-University,PreU 3,11,22.6
2000,Primary,All,8196,37.3
2000,Primary,Primary 1,1299,38.7
2000,Primary,Primary 2,1312,38
2000,Primary,Primary 3,1326,37.7
2000,Primary,Primary 4,1378,37.9
2000,Primary,Primary 5,1359,35.9
2000,Primary,Primary 6,1522,36
2000,Primary,Primary 7,0,0
2000,Primary,Primary 8,0,0
2000,Secondary,All,4988,35.3
2000,Secondary,Secondary 1,1174,37.9
2000,Secondary,Secondary 2,1083,36.1
2000,Secondary,Secondary 3,1237,35.4
2000,Secondary,Secondary 4,1229,33.6
2000,Secondary,Secondary 5,265,28.1
2000,Pre-University,All,1056,23.7
2000,Pre-University,PreU 1,522,24
2000,Pre-University,PreU 2,521,23.8
2000,Pre-University,PreU 3,13,21.3
2001,Primary,All,8088,37.4
2001,Primary,Primary 1,1285,38.7
2001,Primary,Primary 2,1311,38.3
2001,Primary,Primary 3,1310,38.1
2001,Primary,Primary 4,1347,37.2
2001,Primary,Primary 5,1429,36.6
2001,Primary,Primary 6,1406,35.9
2001,Primary,Primary 7,0,0
2001,Primary,Primary 8,0,0
2001,Secondary,All,5235,35.9
2001,Secondary,Secondary 1,1378,38.6
2001,Secondary,Secondary 2,1212,36.8
2001,Secondary,Secondary 3,1159,34.8
2001,Secondary,Secondary 4,1229,34
2001,Secondary,Secondary 5,257,30.9
2001,Pre-University,All,1052,23.4
2001,Pre-University,PreU 1,525,24.1
2001,Pre-University,PreU 2,512,22.6
2001,Pre-University,PreU 3,15,25.1
2002,Primary,All,8040,37.6
2002,Primary,Primary 1,1275,38.4
2002,Primary,Primary 2,1288,38.7
2002,Primary,Primary 3,1306,38.6
2002,Primary,Primary 4,1322,37.8
2002,Primary,Primary 5,1373,36.6
2002,Primary,Primary 6,1476,36.1
2002,Primary,Primary 7,0,0
2002,Primary,Primary 8,0,0
2002,Secondary,All,5381,36.2
2002,Secondary,Secondary 1,1276,38.7
2002,Secondary,Secondary 2,1414,37.8
2002,Secondary,Secondary 3,1279,35.8
2002,Secondary,Secondary 4,1148,33.1
2002,Secondary,Secondary 5,264,30.9
2002,Pre-University,All,1092,23.4
2002,Pre-University,PreU 1,563,24
2002,Pre-University,PreU 2,517,22.7
2002,Pre-University,PreU 3,12,23.5
2003,Primary,All,7944,37.8
2003,Primary,Primary 1,1269,38.6
2003,Primary,Primary 2,1270,38.6
2003,Primary,Primary 3,1288,38.8
2003,Primary,Primary 4,1322,38.2
2003,Primary,Primary 5,1362,36.8
2003,Primary,Primary 6,1433,35.8
2003,Primary,Primary 7,0,0
2003,Primary,Primary 8,0,0
2003,Secondary,All,5650,36.5
2003,Secondary,Secondary 1,1351,38.5
2003,Secondary,Secondary 2,1303,37.9
2003,Secondary,Secondary 3,1489,36.7
2003,Secondary,Secondary 4,1266,34.1
2003,Secondary,Secondary 5,241,30.3
2003,Pre-University,All,1090,22.5
2003,Pre-University,PreU 1,529,22.5
2003,Pre-University,PreU 2,551,22.6
2003,Pre-University,PreU 3,10,22.3
2004,Primary,All,7873,37.7
2004,Primary,Primary 1,1232,38.4
2004,Primary,Primary 2,1269,38.5
2004,Primary,Primary 3,1269,38.6
2004,Primary,Primary 4,1310,38.1
2004,Primary,Primary 5,1375,36.7
2004,Primary,Primary 6,1418,35.9
2004,Primary,Primary 7,0,0
2004,Primary,Primary 8,0,0
2004,Secondary,All,5821,36.7
2004,Secondary,Secondary 1,1313,38.4
2004,Secondary,Secondary 2,1378,37.8
2004,Secondary,Secondary 3,1397,36.5
2004,Secondary,Secondary 4,1470,35.3
2004,Secondary,Secondary 5,263,30.8
2004,Pre-University,All,1107,22.3
2004,Pre-University,PreU 1,581,23.1
2004,Pre-University,PreU 2,515,21.4
2004,Pre-University,PreU 3,11,22.4
2005,Primary,All,8036,36.1
2005,Primary,Primary 1,1478,29.4
2005,Primary,Primary 2,1237,38.3
2005,Primary,Primary 3,1273,38.5
2005,Primary,Primary 4,1293,38.1
2005,Primary,Primary 5,1345,37.2
2005,Primary,Primary 6,1410,36.3
2005,Primary,Primary 7,0,0
2005,Primary,Primary 8,0,0
2005,Secondary,All,5837,36.5
2005,Secondary,Secondary 1,1335,37.6
2005,Secondary,Secondary 2,1339,38
2005,Secondary,Secondary 3,1473,36.6
2005,Secondary,Secondary 4,1383,35
2005,Secondary,Secondary 5,307,31.3
2005,Pre-University,All,1253,23.1
2005,Pre-University,PreU 1,681,23.7
2005,Pre-University,PreU 2,562,22.2
2005,Pre-University,PreU 3,10,22.9
2006,Primary,All,8235,34.6
2006,Primary,Primary 1,1489,29.5
2006,Primary,Primary 2,1483,29.4
2006,Primary,Primary 3,1234,38.7
2006,Primary,Primary 4,1300,38
2006,Primary,Primary 5,1334,37
2006,Primary,Primary 6,1395,36.3
2006,Primary,Primary 7,0,0
2006,Primary,Primary 8,0,0
2006,Secondary,All,5904,36.4
2006,Secondary,Secondary 1,1340,37.9
2006,Secondary,Secondary 2,1360,37.4
2006,Secondary,Secondary 3,1454,36.5
2006,Secondary,Secondary 4,1462,35.2
2006,Secondary,Secondary 5,288,31.3
2006,Pre-University,All,1336,23
2006,Pre-University,PreU 1,654,23.2
2006,Pre-University,PreU 2,668,22.8
2006,Pre-University,PreU 3,14,23.1
2007,Primary,All,8247,34.6
2007,Primary,Primary 1,1609,29.8
2007,Primary,Primary 2,1492,29.7
2007,Primary,Primary 3,1167,38.1
2007,Primary,Primary 4,1264,38.2
2007,Primary,Primary 5,1334,37.3
2007,Primary,Primary 6,1381,36.3
2007,Primary,Primary 7,0,0
2007,Primary,Primary 8,0,0
2007,Secondary,All,5936,36.7
2007,Secondary,Secondary 1,1338,37.9
2007,Secondary,Secondary 2,1382,37.6
2007,Secondary,Secondary 3,1454,36.9
2007,Secondary,Secondary 4,1457,35.4
2007,Secondary,Secondary 5,305,33.3
2007,Pre-University,All,1399,22.6
2007,Pre-University,PreU 1,743,23.1
2007,Pre-University,PreU 2,643,21.9
2007,Pre-University,PreU 3,13,30.1
2008,Primary,All,8097,34.5
2008,Primary,Primary 1,1442,29.7
2008,Primary,Primary 2,1614,29.7
2008,Primary,Primary 3,1187,37.9
2008,Primary,Primary 4,1192,37.7
2008,Primary,Primary 5,1294,37.3
2008,Primary,Primary 6,1368,36.7
2008,Primary,Primary 7,0,0
2008,Primary,Primary 8,0,0
2008,Secondary,All,5934,36.6
2008,Secondary,Secondary 1,1337,37.6
2008,Secondary,Secondary 2,1383,37.5
2008,Secondary,Secondary 3,1475,37
2008,Secondary,Secondary 4,1445,35.2
2008,Secondary,Secondary 5,294,32.5
2008,Pre-University,All,1408,23.1
2008,Pre-University,PreU 1,716,23.5
2008,Pre-University,PreU 2,680,22.7
2008,Pre-University,PreU 3,12,26.7
2009,Primary,All,7906,34.4
2009,Primary,Primary 1,1434,30
2009,Primary,Primary 2,1445,30
2009,Primary,Primary 3,1266,38
2009,Primary,Primary 4,1207,37
2009,Primary,Primary 5,1220,37
2009,Primary,Primary 6,1334,37
2009,Primary,Primary 7,0,0
2009,Primary,Primary 8,0,0
2009,Secondary,All,5945,36
2009,Secondary,Secondary 1,1339,37
2009,Secondary,Secondary 2,1366,37
2009,Secondary,Secondary 3,1464,37
2009,Secondary,Secondary 4,1482,35
2009,Secondary,Secondary 5,294,32
2009,Pre-University,All,1375,23
2009,Pre-University,PreU 1,696,24
2009,Pre-University,PreU 2,666,22
2009,Pre-University,PreU 3,13,27
2010,Primary,All,7692,34.3
2010,Primary,Primary 1,1336,29.6
2010,Primary,Primary 2,1430,29.7
2010,Primary,Primary 3,1148,37.5
2010,Primary,Primary 4,1284,37.7
2010,Primary,Primary 5,1234,36.6
2010,Primary,Primary 6,1260,36
2010,Primary,Primary 7,0,0
2010,Primary,Primary 8,0,0
2010,Secondary,All,5865,36.6
2010,Secondary,Secondary 1,1302,37.4
2010,Secondary,Secondary 2,1356,37.6
2010,Secondary,Secondary 3,1455,36.5
2010,Secondary,Secondary 4,1469,35.4
2010,Secondary,Secondary 5,283,33.7
2010,Pre-University,All,1403,23.1
2010,Pre-University,PreU 1,714,23.7
2010,Pre-University,PreU 2,677,22.4
2010,Pre-University,PreU 3,12,29.8
2011,Primary,All,7522,34.3
2011,Primary,Primary 1,1324,29.7
2011,Primary,Primary 2,1337,29.5
2011,Primary,Primary 3,1134,37.5
2011,Primary,Primary 4,1161,37.2
2011,Primary,Primary 5,1301,37.1
2011,Primary,Primary 6,1265,36
2011,Primary,Primary 7,0,0
2011,Primary,Primary 8,0,0
2011,Secondary,All,5734,36.3
2011,Secondary,Secondary 1,1227,36.8
2011,Secondary,Secondary 2,1321,37.4
2011,Secondary,Secondary 3,1455,36.4
2011,Secondary,Secondary 4,1447,35.4
2011,Secondary,Secondary 5,284,32.3
2011,Pre-University,All,1403,23
2011,Pre-University,PreU 1,700,23.9
2011,Pre-University,PreU 2,691,22
2011,Pre-University,PreU 3,12,28.9
2012,Primary,All,7377,34.3
2012,Primary,Primary 1,1334,29.7
2012,Primary,Primary 2,1323,29.7
2012,Primary,Primary 3,1057,37.5
2012,Primary,Primary 4,1155,36.9
2012,Primary,Primary 5,1185,36.3
2012,Primary,Primary 6,1323,36.7
2012,Primary,Primary 7,0,0
2012,Primary,Primary 8,0,0
2012,Secondary,All,5638,35.9
2012,Secondary,Secondary 1,1240,36.5
2012,Secondary,Secondary 2,1242,36.8
2012,Secondary,Secondary 3,1410,36
2012,Secondary,Secondary 4,1459,35.2
2012,Secondary,Secondary 5,287,33.1
2012,Pre-University,All,1395,23
2012,Pre-University,PreU 1,708,23.6
2012,Pre-University,PreU 2,675,22.3
2012,Pre-University,PreU 3,12,28.1
2013,Primary,All,7242,33.7
2013,Primary,Primary 1,1360,29.5
2013,Primary,Primary 2,1333,29.6
2013,Primary,Primary 3,1068,36.8
2013,Primary,Primary 4,1086,36.4
2013,Primary,Primary 5,1180,35.9
2013,Primary,Primary 6,1215,35.6
2013,Primary,Primary 7,0,0
2013,Primary,Primary 8,0,0
2013,Secondary,All,5574,35.4
2013,Secondary,Secondary 1,1307,36.8
2013,Secondary,Secondary 2,1255,36.3
2013,Secondary,Secondary 3,1323,35.3
2013,Secondary,Secondary 4,1412,34.8
2013,Secondary,Secondary 5,277,27.5
2013,Pre-University,All,1405,22.9
2013,Pre-University,PreU 1,718,23.5
2013,Pre-University,PreU 2,675,22.2
2013,Pre-University,PreU 3,12,25.2
2014,Primary,All,7196,33.6
2014,Primary,Primary 1,1383,29.6
2014,Primary,Primary 2,1357,29.6
2014,Primary,Primary 3,1068,36.9
2014,Primary,Primary 4,1086,36.1
2014,Primary,Primary 5,1106,35.5
2014,Primary,Primary 6,1196,35.6
2014,Primary,Primary 7,0,0
2014,Primary,Primary 8,0,0
2014,Secondary,All,5479,34.7
2014,Secondary,Secondary 1,1211,35.5
2014,Secondary,Secondary 2,1324,36.5
2014,Secondary,Secondary 3,1342,34.8
2014,Secondary,Secondary 4,1331,33.9
2014,Secondary,Secondary 5,271,25.1
2014,Pre-University,All,1393,22.7
2014,Pre-University,PreU 1,694,23
2014,Pre-University,PreU 2,689,22.3
2014,Pre-University,PreU 3,10,29
2015,Primary,All,7141,33.5
2015,Primary,Primary 1,1365,29.4
2015,Primary,Primary 2,1383,29.5
2015,Primary,Primary 3,1086,37
2015,Primary,Primary 4,1086,36.3
2015,Primary,Primary 5,1104,35.4
2015,Primary,Primary 6,1117,35.4
2015,Primary,Primary 7,0,0
2015,Primary,Primary 8,0,0
2015,Secondary,All,5425,34.3
2015,Secondary,Secondary 1,1191,35.4
2015,Secondary,Secondary 2,1228,35.2
2015,Secondary,Secondary 3,1408,34.9
2015,Secondary,Secondary 4,1353,33.6
2015,Secondary,Secondary 5,245,23.5
2015,Pre-University,All,1322,22.4
2015,Pre-University,JC 1 / PreU 1,640,22.7
2015,Pre-University,JC 2 / PreU 2,670,21.9
2015,Pre-University,PreU 3,12,31
2016,Primary,All,7143,33.3
2016,Primary,Primary 1,1341,29
2016,Primary,Primary 2,1365,29.4
2016,Primary,Primary 3,1107,36.8
2016,Primary,Primary 4,1103,36.4
2016,Primary,Primary 5,1110,35.4
2016,Primary,Primary 6,1117,34.9
2016,Primary,Primary 7,0,0
2016,Primary,Primary 8,0,0
2016,Secondary,All,5279,34.1
2016,Secondary,Secondary 1,1117,35.4
2016,Secondary,Secondary 2,1197,35.5
2016,Secondary,Secondary 3,1303,34
2016,Secondary,Secondary 4,1422,33.7
2016,Secondary,Secondary 5,240,23.4
2016,Pre-University,All,1262,22.5
2016,Pre-University,JC 1 / PreU 1,624,23.4
2016,Pre-University,JC 2 / PreU 2,623,21.6
2016,Pre-University,PreU 3,15,25.7
2017,Primary,All,7105,33.2
2017,Primary,Primary 1,1286,28.7
2017,Primary,Primary 2,1338,29.1
2017,Primary,Primary 3,1088,36.9
2017,Primary,Primary 4,1126,36.1
2017,Primary,Primary 5,1137,35.1
2017,Primary,Primary 6,1130,34.7
2017,Primary,Primary 7,0,0
2017,Primary,Primary 8,0,0
2017,Secondary,All,5060,33.8
2017,Secondary,Secondary 1,1087,35.9
2017,Secondary,Secondary 2,1132,35.1
2017,Secondary,Secondary 3,1280,33.9
2017,Secondary,Secondary 4,1320,32.6
2017,Secondary,Secondary 5,241,25
2017,Pre-University,All,1285,22.8
2017,Pre-University,JC 1 / PreU 1,655,23.5
2017,Pre-University,JC 2 / PreU 2,618,22
2017,Pre-University,PreU 3,12,22.6
2018,Pre-University,All,1259,23
2018,Pre-University,JC 1 / PreU 1,598,24.1
2018,Pre-University,JC 2 / PreU 2,653,22.1
2018,Pre-University,PreU 3,8,22.3
2018,Primary,All,7089,33.1
2018,Primary,Primary 1,1296,29.1
2018,Primary,Primary 2,1283,28.9
2018,Primary,Primary 3,1082,36.2
2018,Primary,Primary 4,1115,36
2018,Primary,Primary 5,1154,35
2018,Primary,Primary 6,1159,34.4
2018,Secondary,All,4890,33.8
2018,Secondary,Secondary 1,1087,36
2018,Secondary,Secondary 2,1105,35.3
2018,Secondary,Secondary 3,1216,33.3
2018,Secondary,Secondary 4,1288,32.8
2018,Secondary,Secondary 5,194,21.8
2019,Pre-University,All,1187,23.2
2019,Pre-University,JC 1 / PreU 1,580,23.5
2019,Pre-University,JC 2 / PreU 2,596,22.9
2019,Pre-University,PreU 3,11,24.2
2019,Primary,All,7123,33
2019,Primary,Primary 1,1377,29.3
2019,Primary,Primary 2,1296,29.2
2019,Primary,Primary 3,1047,35.5
2019,Primary,Primary 4,1096,35.7
2019,Primary,Primary 5,1139,35.2
2019,Primary,Primary 6,1168,34.6
2019,Secondary,All,4877,33.2
2019,Secondary,Secondary 1,1131,35
2019,Secondary,Secondary 2,1113,35.2
2019,Secondary,Secondary 3,1207,32.9
2019,Secondary,Secondary 4,1237,31.9
2019,Secondary,Secondary 5,189,20.2
2020,Pre-University,All,1138,22.9
2020,Pre-University,JC 1 / PreU 1,555,23.3
2020,Pre-University,JC 2 / PreU 2,573,22.4
2020,Pre-University,PreU 3,10,21.4
2020,Primary,All,7064,32.9
2020,Primary,Primary 1,1292,28.9
2020,Primary,Primary 2,1377,29.6
2020,Primary,Primary 3,1064,35.7
2020,Primary,Primary 4,1062,35.1
2020,Primary,Primary 5,1120,34.9
2020,Primary,Primary 6,1149,34.9
2020,Secondary,All,4901,33.1
2020,Secondary,Secondary 1,1158,34.7
2020,Secondary,Secondary 2,1152,34.5
2020,Secondary,Secondary 3,1204,33.1
2020,Secondary,Secondary 4,1210,32.1
2020,Secondary,Secondary 5,177,19.7
2021,Primary,All,7086,33
2021,Primary,Primary 1,1376,29.2
2021,Primary,Primary 2,1291,29.3
2021,Primary,Primary 3,1126,36.4
2021,Primary,Primary 4,1078,35.5
2021,Primary,Primary 5,1083,34.4
2021,Primary,Primary 6,1132,34.7
2021,Secondary,All,4922,33.1
2021,Secondary,Secondary 1,1160,34.6
2021,Secondary,Secondary 2,1167,34.5
2021,Secondary,Secondary 3,1213,33
2021,Secondary,Secondary 4,1209,32.4
2021,Secondary,Secondary 5,173,18.4
2021,Pre-University,All,1101,23
2021,Pre-University,JC 1 / PreU 1,546,23.5
2021,Pre-University,JC 2 / PreU 2,546,22.5
2021,Pre-University,PreU 3,9,21.2
2022,Primary,All,7103,33.1
2022,Primary,Primary 1,1359,29.3
2022,Primary,Primary 2,1375,29.5
2022,Primary,Primary 3,1054,36
2022,Primary,Primary 4,1138,36.1
2022,Primary,Primary 5,1087,35.2
2022,Primary,Primary 6,1090,34.2
2022,Secondary,All,4955,32.7
2022,Secondary,Secondary 1,1165,33.7
2022,Secondary,Secondary 2,1171,34.3
2022,Secondary,Secondary 3,1228,33
2022,Secondary,Secondary 4,1226,32.1
2022,Secondary,Secondary 5,165,17.5
2022,Pre-University,All,1090,23.1
2022,Pre-University,JC 1 / PreU 1,544,23.7
2022,Pre-University,JC 2 / PreU 2,538,22.6
2022,Pre-University,PreU 3,8,26.1
2023,Primary,All,7080,33.6
2023,Primary,Primary 1,1335,29.5
2023,Primary,Primary 2,1359,29.5
2023,Primary,Primary 3,1100,37
2023,Primary,Primary 4,1057,36.1
2023,Primary,Primary 5,1139,36.1
2023,Primary,Primary 6,1090,35.1
2023,Secondary,All,4894,32.6
2023,Secondary,Secondary 1,1132,32.9
2023,Secondary,Secondary 2,1159,34
2023,Secondary,Secondary 3,1207,33.6
2023,Secondary,Secondary 4,1231,32.2
2023,Secondary,Secondary 5,165,16.2
2023,Pre-University,All,1088,23.1
2023,Pre-University,JC 1 / PreU 1,550,23.2
2023,Pre-University,JC 2 / PreU 2,532,22.9
2023,Pre-University,PreU 3,6,26
